City_ID,City,Country,Lat,Lng,Max Temp,Humidity,Cloudiness,Wind Speed,Current Description
0,Geraldton,AU,-28.7667,114.6,73.81,56,40,8.05,scattered clouds
1,Atuona,PF,-9.8,-139.0333,78.48,71,1,16.96,clear sky
2,Busselton,AU,-33.65,115.3333,67.71,52,73,10.8,broken clouds
3,Champerico,GT,14.3,-91.9167,84.31,72,97,3.4,overcast clouds
4,Ushuaia,AR,-54.8,-68.3,40.66,87,100,9.22,light rain
5,Soe,ID,-9.8607,124.284,85.05,33,44,7.9,scattered clouds
6,Atar,MR,20.5169,-13.0499,85.42,13,100,12.21,overcast clouds
7,Coihaique,CL,-45.5752,-72.0662,30.81,100,0,2.3,clear sky
8,Georgetown,MY,5.4112,100.3354,89.53,70,20,5.01,few clouds
9,Dudinka,RU,69.4058,86.1778,43.63,100,100,9.33,overcast clouds
10,Mahebourg,MU,-20.4081,57.7,77.25,69,40,10.36,scattered clouds
11,Kysyl-Syr,RU,63.8986,122.7617,44.91,51,99,3.0,overcast clouds
12,Port Angeles,US,48.1181,-123.4307,52.2,77,40,17.27,scattered clouds
13,Castro,BR,-24.7911,-50.0119,38.66,85,0,7.09,clear sky
14,Hobart,AU,-42.8794,147.3294,57.25,58,40,21.85,scattered clouds
15,Houlton,US,46.1262,-67.8403,56.71,81,100,4.61,overcast clouds
16,Ko Samui,TH,9.5357,99.9357,91.31,62,20,8.05,few clouds
17,Albany,US,42.6001,-73.9662,57.16,79,68,1.99,broken clouds
18,Kaeo,NZ,-35.1,173.7833,69.33,76,97,11.5,overcast clouds
19,Naze,JP,28.3667,129.4833,63.52,87,100,9.35,light rain
20,East London,ZA,-33.0153,27.9116,70.74,46,0,10.36,clear sky
21,Vaini,TO,-21.2,-175.2,77.16,69,20,6.91,few clouds
22,Kerema,PG,-7.9631,145.7785,82.85,76,32,7.29,scattered clouds
23,Grand-Santi,GF,4.25,-54.3833,73.54,100,100,1.54,overcast clouds
24,Bluff,NZ,-46.6,168.3333,54.81,83,79,11.27,broken clouds
25,Kodiak,US,57.79,-152.4072,56.71,33,0,9.22,clear sky
26,Qaqortoq,GL,60.7167,-46.0333,37.6,76,99,3.49,overcast clouds
27,Bambous Virieux,MU,-20.3428,57.7575,77.22,69,40,10.36,scattered clouds
28,Jalalabad,AF,34.4265,70.4515,93.78,17,1,0.87,clear sky
29,Port Elizabeth,ZA,-33.918,25.5701,67.32,35,0,4.61,clear sky
30,Teya,RU,60.3778,92.6267,64.29,58,95,9.35,overcast clouds
31,Salalah,OM,17.0151,54.0924,84.29,70,20,1.14,few clouds
32,Thompson,CA,55.7435,-97.8558,33.96,80,0,2.3,clear sky
33,Jamestown,US,42.097,-79.2353,49.64,90,75,6.91,broken clouds
34,Kahului,US,20.8947,-156.47,82.42,66,40,11.5,scattered clouds
35,Bredasdorp,ZA,-34.5322,20.0403,60.53,38,83,3.83,broken clouds
36,Faanui,PF,-16.4833,-151.75,81.75,71,54,13.06,broken clouds
37,Mataura,NZ,-46.1927,168.8643,54.48,94,99,1.74,light rain
38,Lebu,CL,-37.6167,-73.65,51.04,70,47,4.21,scattered clouds
39,Castlemaine,AU,-37.0667,144.2167,58.28,58,97,11.41,overcast clouds
40,Lingyuan,CN,41.24,119.4011,80.56,14,34,14.05,scattered clouds
41,Cape Town,ZA,-33.9258,18.4232,64.81,65,0,10.36,clear sky
42,Nyurba,RU,63.2842,118.3319,39.88,94,100,5.17,light rain
43,Bonavista,CA,48.6499,-53.1147,37.2,94,99,8.88,overcast clouds
44,New Norfolk,AU,-42.7826,147.0587,56.91,74,68,4.0,broken clouds
45,Rikitea,PF,-23.1203,-134.9692,76.89,77,3,17.87,clear sky
46,Erenhot,CN,43.6475,111.9767,68.5,21,9,16.91,clear sky
47,Ntcheu,MW,-14.8203,34.6359,57.63,87,21,3.22,few clouds
48,Sao Filipe,CV,14.8961,-24.4956,75.9,72,100,7.43,overcast clouds
49,Singkang,MY,2.1006,102.7994,89.89,60,100,5.1,overcast clouds
50,Qaanaaq,GL,77.484,-69.3632,15.82,69,47,7.02,scattered clouds
51,Chokurdakh,RU,70.6333,147.9167,31.03,93,94,3.53,overcast clouds
52,Klaksvik,FO,62.2266,-6.589,49.12,96,100,21.72,overcast clouds
53,Eckernforde,DE,54.4667,9.8333,55.29,93,100,9.15,light rain
54,Khandyga,RU,62.6667,135.6,47.34,48,100,6.82,light rain
55,Zbarazh,UA,49.6636,25.7762,53.15,62,98,1.72,overcast clouds
56,Parchim,DE,53.4263,11.8488,56.71,96,100,4.43,light rain
57,Hermanus,ZA,-34.4187,19.2345,63.63,59,77,1.32,broken clouds
58,Mbandaka,CD,0.0487,18.2603,71.19,95,100,0.83,overcast clouds
59,Saint-Augustin,CA,51.226,-58.6502,34.84,96,100,15.66,light snow
60,Hualmay,PE,-11.0964,-77.6139,63.73,85,87,5.46,overcast clouds
61,Laguna,US,38.421,-121.4238,69.46,63,0,10.36,clear sky
62,Anadyr,RU,64.75,177.4833,43.3,70,86,8.95,fog
63,Moba,CN,33.2288,105.0179,60.1,54,100,6.69,overcast clouds
64,Nikolskoye,RU,59.7035,30.7861,45.88,85,100,8.43,overcast clouds
65,Florence,IT,43.7667,11.25,62.74,92,20,2.3,few clouds
66,Airai,TL,-8.9266,125.4092,76.48,43,37,2.59,scattered clouds
67,Svetlaya,RU,46.5389,138.3297,53.96,64,37,14.29,scattered clouds
68,Kapaa,US,22.0752,-159.319,78.78,88,100,8.05,overcast clouds
69,Kangaatsiaq,GL,68.3065,-53.4641,18.77,95,8,3.71,clear sky
70,The Valley,AI,18.217,-63.0578,80.46,84,100,17.34,overcast clouds
71,Tasiilaq,GL,65.6145,-37.6368,39.36,97,100,4.52,overcast clouds
72,Hamilton,US,39.1834,-84.5333,63.45,71,20,4.61,few clouds
73,Walvis Bay,NA,-22.9575,14.5053,76.15,23,4,16.11,clear sky
74,Matamoros,MX,25.5333,-103.25,82.06,18,90,11.61,overcast clouds
75,Kavieng,PG,-2.5744,150.7967,84.24,68,4,3.62,clear sky
76,Hasaki,JP,35.7333,140.8333,66.29,78,100,15.5,light rain
77,Yellowknife,CA,62.456,-114.3525,48.72,46,75,12.66,broken clouds
78,Biscarrosse,FR,44.3945,-1.1672,60.75,88,0,0.0,clear sky
79,Prince Rupert,CA,54.3161,-130.3201,46.09,82,75,24.16,broken clouds
80,Port Hardy,CA,50.6996,-127.4199,44.78,81,75,6.91,broken clouds
81,Ajdabiya,LY,30.7554,20.2263,71.38,27,2,2.08,clear sky
82,Jutai,BR,-5.1833,-68.9,72.1,100,100,2.66,overcast clouds
83,Iqaluit,CA,63.7506,-68.5145,24.53,79,75,9.22,broken clouds
84,Luwuk,ID,-0.9516,122.7875,85.55,74,81,2.95,broken clouds
85,Vardo,NO,70.3705,31.1107,35.58,75,100,17.27,overcast clouds
86,Seoul,KR,37.5683,126.9778,78.19,37,0,10.36,clear sky
87,Puerto Ayora,EC,-0.7393,-90.3518,72.55,97,36,4.32,scattered clouds
88,Plouzane,FR,48.3833,-4.6167,55.72,91,0,6.91,clear sky
89,Kununurra,AU,-15.7667,128.7333,94.98,24,4,11.5,clear sky
90,Torbay,CA,47.6666,-52.7314,37.58,88,40,9.22,scattered clouds
91,Udachnyy,RU,66.4167,112.4,34.5,78,95,8.84,overcast clouds
92,Khatanga,RU,71.9667,102.5,33.87,97,96,15.17,overcast clouds
93,Catuday,PH,16.2923,119.8062,82.13,69,99,3.09,overcast clouds
94,Butaritari,KI,3.0707,172.7902,82.89,70,60,10.67,broken clouds
95,Arraial Do Cabo,BR,-22.9661,-42.0278,70.5,85,100,6.15,overcast clouds
96,Ipixuna,BR,-1.7625,-48.8043,74.03,98,99,2.53,overcast clouds
97,San Patricio,US,28.017,-97.5169,78.85,93,41,10.94,scattered clouds
98,Nishihara,JP,26.1842,127.7558,68.05,97,100,14.97,light intensity shower rain
99,High Level,CA,58.5169,-117.136,55.51,50,100,13.8,overcast clouds
100,Shirokiy,RU,49.758,129.523,57.36,37,92,9.93,overcast clouds
101,Isangel,VU,-19.55,169.2667,77.88,75,15,13.24,few clouds
102,Kaitangata,NZ,-46.2817,169.8464,51.75,77,99,3.98,overcast clouds
103,Bantry,IE,51.6833,-9.45,55.78,88,51,15.3,broken clouds
104,Hilo,US,19.7297,-155.09,77.29,93,100,6.91,light rain
105,Saskylakh,RU,71.9167,114.0833,22.66,88,35,7.94,scattered clouds
106,Altay,CN,47.8667,88.1167,65.93,47,7,3.98,clear sky
107,Punta Arenas,CL,-53.15,-70.9167,42.91,87,100,13.8,overcast clouds
108,Avarua,CK,-21.2078,-159.775,77.05,83,20,3.44,few clouds
109,Samarai,PG,-10.6167,150.6667,82.92,66,8,4.09,clear sky
110,Broken Hill,AU,-31.95,141.4333,62.37,44,0,4.59,clear sky
111,Lagoa,PT,39.05,-27.9833,57.96,58,89,27.94,overcast clouds
112,Praia Da Vitoria,PT,38.7333,-27.0667,57.76,82,20,18.54,few clouds
113,Morant Bay,JM,17.8815,-76.4093,80.22,86,100,7.9,overcast clouds
114,Ancud,CL,-41.8697,-73.8203,45.55,79,99,8.75,overcast clouds
115,Dargaville,NZ,-35.9333,173.8833,67.87,72,90,12.66,overcast clouds
116,Bulgan,MN,48.8125,103.5347,66.72,26,100,4.12,overcast clouds
117,Conceicao Do Araguaia,BR,-8.2578,-49.2647,74.28,93,83,3.02,broken clouds
118,Novyy Urgal,RU,51.0736,132.5642,47.25,65,100,7.25,overcast clouds
119,Mapiripan,CO,2.8892,-72.1256,72.72,98,100,2.73,very heavy rain
120,Narsaq,GL,60.9167,-46.05,46.62,69,99,1.1,overcast clouds
121,Duluth,US,46.7833,-92.1066,48.25,74,75,9.22,broken clouds
122,Ordu,TR,40.9086,37.6845,48.7,45,22,0.27,few clouds
123,Fortuna,US,40.5982,-124.1573,52.66,85,0,8.05,clear sky
124,Olafsvik,IS,64.8945,-23.7142,47.48,77,84,5.01,broken clouds
125,Sapucai,PY,-25.6667,-56.9167,42.87,87,0,3.94,clear sky
126,Umm Lajj,SA,25.0213,37.2685,83.28,60,5,10.47,clear sky
127,Tukrah,LY,32.5341,20.5791,71.35,35,6,3.58,clear sky
128,Guerrero Negro,MX,27.9769,-114.0611,59.95,88,16,17.36,few clouds
129,Hithadhoo,MV,-0.6,73.0833,84.36,73,100,16.87,overcast clouds
130,Chuy,UY,-33.6971,-53.4616,50.94,90,81,15.32,broken clouds
131,Villacarrillo,ES,38.1156,-3.0848,57.72,55,1,2.75,clear sky
132,Victoria,HK,22.2855,114.1577,81.97,68,46,5.01,scattered clouds
133,Carauari,BR,-4.8828,-66.8958,72.18,99,100,2.35,overcast clouds
134,Peniche,PT,39.3558,-9.3811,62.29,92,21,11.01,few clouds
135,Pitimbu,BR,-7.4706,-34.8086,77.59,86,84,6.8,broken clouds
136,San Quintin,MX,30.4833,-115.95,59.5,91,10,11.27,clear sky
137,Brewster,US,41.3973,-73.6171,61.12,87,0,8.05,clear sky
138,Amparafaravola,MG,-17.5833,48.2167,61.39,89,72,6.11,broken clouds
139,Chesma,RU,53.8111,60.6533,57.52,56,9,13.02,clear sky
140,Homer,US,59.6425,-151.5483,53.49,51,100,5.75,overcast clouds
141,Tuatapere,NZ,-46.1333,167.6833,49.91,88,85,5.95,overcast clouds
142,Melnikovo,RU,56.5558,84.085,76.24,35,73,13.06,broken clouds
143,Hami,CN,42.8,93.45,82.71,14,96,12.3,overcast clouds
144,Kitimat,CA,54.0524,-128.6534,40.91,27,96,4.7,overcast clouds
145,Luoyang,CN,34.6836,112.4536,91.56,9,7,10.42,clear sky
146,Pacific Grove,US,36.6177,-121.9166,57.22,84,75,8.99,broken clouds
147,Shimoda,JP,34.6667,138.95,62.96,88,100,1.14,moderate rain
148,Ilulissat,GL,69.2167,-51.1,21.22,79,17,8.05,few clouds
149,Port Lincoln,AU,-34.7333,135.8667,61.3,60,73,13.35,broken clouds
150,Jonesboro,US,35.8423,-90.7043,71.42,77,0,0.0,clear sky
151,Talnakh,RU,69.4865,88.3972,43.21,95,99,9.55,overcast clouds
152,Norman Wells,CA,65.282,-126.8329,60.84,36,75,3.44,broken clouds
153,Ponta Do Sol,PT,32.6667,-17.1,68.0,84,36,5.28,scattered clouds
154,Cabo San Lucas,MX,22.8909,-109.9124,78.1,76,80,8.01,broken clouds
155,Coruripe,BR,-10.1256,-36.1756,75.97,91,98,5.59,overcast clouds
156,Kargasok,RU,59.0556,80.8572,66.25,58,98,18.3,light rain
157,Sultanpur,IN,26.2667,82.0667,106.74,18,2,4.18,clear sky
158,Rosarito,MX,32.3333,-117.0333,61.75,83,14,5.28,few clouds
159,Viedma,AR,-40.8135,-62.9967,43.72,82,5,4.92,clear sky
160,Arkhangelsk,RU,64.5401,40.5433,37.11,69,100,8.95,overcast clouds
161,Chimbote,PE,-9.0853,-78.5783,62.42,91,95,4.47,overcast clouds
162,Saint-Pierre,RE,-21.3393,55.4781,75.9,78,75,9.22,light rain
163,Mangochi,MW,-14.4782,35.2645,65.88,82,88,6.89,overcast clouds
164,Nizhniy Kuranakh,RU,58.8353,125.4869,42.31,69,100,4.7,overcast clouds
165,Tamworth,GB,52.634,-1.6959,53.85,90,32,3.0,scattered clouds
166,Shelburne,CA,44.0787,-80.2041,48.96,84,11,14.54,few clouds
167,Fare,PF,-16.7,-151.0167,81.68,69,77,13.47,broken clouds
168,Nattam,IN,10.2333,78.2333,88.25,58,100,5.46,overcast clouds
169,Taltal,CL,-25.4,-70.4833,58.93,77,60,3.85,broken clouds
170,Longyearbyen,SJ,78.2186,15.6401,30.04,69,75,10.36,broken clouds
171,Huambo,AO,-12.7761,15.7392,50.67,70,8,1.28,clear sky
172,Dedza,MW,-14.3779,34.3332,52.12,87,45,2.91,scattered clouds
173,Misratah,LY,32.3754,15.0925,67.95,77,0,13.44,clear sky
174,Bucerias,MX,20.75,-105.3333,78.78,78,0,0.0,clear sky
175,Port Alfred,ZA,-33.5906,26.891,66.18,63,0,5.01,clear sky
176,Wisconsin Rapids,US,44.3836,-89.8174,54.39,75,0,4.61,clear sky
177,Tuktoyaktuk,CA,69.4541,-133.0374,32.0,86,40,13.8,scattered clouds
178,Saint-Denis,FR,48.9167,2.3333,64.15,80,0,5.75,clear sky
179,Esperance,AU,-33.8667,121.9,70.34,47,0,7.09,clear sky
180,Sao Joao Da Barra,BR,-21.6403,-41.0511,68.22,94,63,4.92,light rain
181,Abeche,TD,13.8292,20.8324,86.2,22,100,10.92,overcast clouds
182,Nome,US,64.5011,-165.4064,41.16,69,0,4.61,clear sky
183,Provideniya,RU,64.3833,-173.3,32.11,80,0,6.71,clear sky
184,Dalvik,IS,65.9702,-18.5286,39.13,72,42,5.53,scattered clouds
185,Shingu,JP,33.7333,135.9833,61.61,88,100,2.57,heavy intensity rain
186,Hvolsvollur,IS,63.7533,-20.2243,47.52,58,88,8.7,overcast clouds
187,Mangrol,IN,21.1167,70.1167,87.51,58,2,13.71,clear sky
188,Nago,JP,26.5881,127.9761,68.85,91,100,13.73,light rain
189,Honiara,SB,-9.4333,159.95,82.51,80,70,2.06,broken clouds
190,Te Anau,NZ,-45.4167,167.7167,50.07,84,84,4.81,light rain
191,Solginskiy,RU,61.05,41.3428,43.52,66,35,12.12,scattered clouds
192,Saldanha,ZA,-33.0117,17.9442,53.65,72,61,5.28,broken clouds
193,Vestmannaeyjar,IS,63.4427,-20.2734,47.86,74,98,15.14,overcast clouds
194,Ostroda,PL,53.6967,19.9649,44.17,60,86,7.72,overcast clouds
195,Flinders,AU,-34.5833,150.8552,70.05,46,0,10.92,clear sky
196,San Policarpo,PH,12.1791,125.5072,84.02,75,100,11.41,overcast clouds
197,Zyryanka,RU,65.75,150.85,54.97,43,23,14.63,few clouds
198,Labuan,MY,5.2767,115.2417,89.96,70,20,3.44,few clouds
199,Saint-Felicien,CA,48.6501,-72.4491,57.7,94,100,10.36,overcast clouds
200,Londoko,RU,49.0333,131.9833,58.73,45,100,5.84,overcast clouds
201,Boyle,US,37.6334,-84.8666,62.55,87,0,0.0,clear sky
202,Lorengau,PG,-2.0226,147.2712,85.15,67,55,8.55,broken clouds
203,Ostrovnoy,RU,68.0531,39.5131,37.06,81,100,21.59,overcast clouds
204,Chebsara,RU,59.2002,38.8356,43.93,81,99,10.45,overcast clouds
205,Ciudad Bolivar,VE,8.1222,-63.5497,78.08,83,100,9.84,overcast clouds
206,Sur,OM,22.5667,59.5289,94.3,26,0,1.16,clear sky
207,Murgab,TM,37.4966,61.9714,78.67,34,0,2.3,clear sky
208,Dunedin,NZ,-45.8742,170.5036,55.8,79,100,4.0,overcast clouds
209,Leiyang,CN,26.4024,112.8591,74.08,60,100,3.04,overcast clouds
210,Clyde River,CA,70.4692,-68.5914,23.23,93,100,11.5,overcast clouds
211,Carutapera,BR,-1.195,-46.02,77.11,88,93,6.55,overcast clouds
212,Yarada,IN,17.65,83.2667,89.92,66,40,11.5,scattered clouds
213,Tigil,RU,57.8,158.6667,48.6,63,96,2.46,overcast clouds
214,Saint-Philippe,RE,-21.3585,55.7679,71.19,80,76,14.12,light rain
215,Katsuura,JP,35.1333,140.3,62.82,84,100,7.99,overcast clouds
216,Aswan,EG,24.0934,32.907,78.1,22,0,11.5,clear sky
217,Bethel,US,41.3712,-73.414,61.48,83,0,8.05,clear sky
218,Eureka,US,40.8021,-124.1637,52.93,80,29,7.0,scattered clouds
219,Buala,SB,-8.145,159.5921,83.12,75,65,2.17,light rain
220,Bengkulu,ID,-3.8004,102.2655,84.76,67,94,7.0,overcast clouds
221,Pevek,RU,69.7008,170.3133,33.15,97,100,8.28,overcast clouds
222,Upernavik,GL,72.7868,-56.1549,5.63,95,23,7.38,few clouds
223,Sao Felix Do Xingu,BR,-6.6447,-51.995,72.19,96,98,0.76,overcast clouds
224,Vondrozo,MG,-22.8167,47.2833,62.01,85,99,3.38,overcast clouds
225,Fort Nelson,CA,58.8053,-122.7002,47.79,100,100,0.0,overcast clouds
226,Hambantota,LK,6.1241,81.1185,82.74,94,40,10.36,scattered clouds
227,Inirida,CO,3.8653,-67.9239,73.17,99,100,0.98,overcast clouds
228,Ariquemes,BR,-9.9133,-63.0408,72.41,88,100,5.97,overcast clouds
229,Sobolevo,RU,54.4299,31.8996,44.29,71,10,10.63,clear sky
230,Gatton,AU,-27.55,152.2833,81.54,80,50,4.38,scattered clouds
231,Jalu,LY,29.0331,21.5482,76.08,30,0,4.29,clear sky
232,Binghamton,US,42.0987,-75.918,51.76,85,0,9.22,clear sky
233,Louis Trichardt,ZA,-23.0439,29.9032,55.85,88,96,6.51,overcast clouds
234,Paamiut,GL,61.994,-49.6678,33.75,83,40,11.68,scattered clouds
235,Pleasanton,US,37.6624,-121.8747,56.44,80,0,4.61,clear sky
236,Tingi,TZ,-11.3,35.0333,60.17,75,10,2.48,clear sky
237,Balkanabat,TM,39.5108,54.3671,76.89,44,10,8.1,clear sky
238,Bilibino,RU,68.0546,166.4372,39.36,89,96,2.26,overcast clouds
239,Henties Bay,NA,-22.116,14.2845,69.3,48,5,9.4,clear sky
240,Souillac,MU,-20.5167,57.5167,75.58,69,40,10.36,scattered clouds
241,Ahipara,NZ,-35.1667,173.1667,66.83,81,96,12.88,overcast clouds
242,Samana,DO,19.2056,-69.3369,73.96,91,92,3.74,overcast clouds
243,San Cristobal,VE,7.7669,-72.225,77.18,94,99,3.87,overcast clouds
244,Grandview,US,38.8858,-94.533,65.95,70,0,5.75,clear sky
245,Touros,BR,-5.1989,-35.4608,76.95,91,94,8.01,overcast clouds
246,Mayumba,GA,-3.432,10.6554,76.66,93,100,2.46,light rain
247,Cherskiy,RU,68.75,161.3,47.05,73,100,7.61,overcast clouds
248,Tulun,RU,54.5611,100.5792,70.11,36,74,10.16,broken clouds
249,Pisco,PE,-13.7,-76.2167,61.02,88,33,2.3,mist
250,Rio Brilhante,BR,-21.8019,-54.5464,47.32,73,5,7.34,clear sky
251,Sorland,NO,67.667,12.6934,39.06,61,94,5.06,overcast clouds
252,Santa Barbara,US,34.7333,-120.0343,55.6,88,100,8.05,overcast clouds
253,Sindor,RU,62.8629,51.8905,39.52,88,100,7.63,overcast clouds
254,Dangriga,BZ,16.9692,-88.2321,79.43,73,100,6.42,overcast clouds
255,Bay Roberts,CA,47.5999,-53.2648,38.34,87,98,1.01,overcast clouds
256,Sibolga,ID,1.7427,98.7792,86.27,62,100,5.3,overcast clouds
257,Anloga,GH,5.7947,0.8973,81.25,84,85,10.94,overcast clouds
258,Tocopilla,CL,-22.092,-70.1979,63.84,62,58,6.24,broken clouds
259,Kattivakkam,IN,13.2167,80.3167,91.49,76,96,13.24,overcast clouds
260,Lugovoy,KZ,42.9472,72.7644,73.9,46,17,4.12,few clouds
261,Ngunguru,NZ,-35.6167,174.5,68.11,75,98,11.41,overcast clouds
262,Flin Flon,CA,54.7682,-101.865,37.36,78,40,7.54,scattered clouds
263,Havre-Saint-Pierre,CA,50.2334,-63.5986,39.56,100,100,14.97,overcast clouds
264,Bathsheba,BB,13.2167,-59.5167,81.21,83,40,18.41,scattered clouds
265,Lompoc,US,34.6391,-120.4579,54.79,85,100,13.8,overcast clouds
266,Yantal,RU,56.8471,105.2542,66.25,47,74,14.52,broken clouds
267,Abalak,RU,58.1286,68.5944,53.33,86,100,3.91,overcast clouds
268,Kosikha,RU,53.3617,84.5822,76.91,35,50,11.74,scattered clouds
269,Ribeira Grande,PT,38.5167,-28.7,58.37,66,63,23.4,broken clouds
270,Jibuti,DJ,11.5,42.5,85.96,25,38,2.3,scattered clouds
271,Kyabe,TD,9.4515,18.9449,79.95,61,33,3.49,scattered clouds
272,Orbetello,IT,42.4408,11.2196,53.62,62,2,3.53,clear sky
273,Boden,SE,65.8252,21.6886,37.4,53,44,10.2,scattered clouds
274,Dakar,SN,14.6937,-17.4441,76.08,83,8,10.83,clear sky
275,Meadow Lake,US,34.8014,-106.5436,72.84,11,2,7.11,clear sky
276,Mar Del Plata,AR,-38.0023,-57.5575,54.95,81,100,23.02,light intensity drizzle
277,Lensk,RU,60.7253,114.9278,54.07,75,100,4.54,light rain
278,Parkes,AU,-33.1333,148.1833,63.36,48,0,8.57,clear sky
279,Bagdarin,RU,54.4333,113.6,63.95,21,87,8.68,overcast clouds
280,Kidal,ML,18.4411,1.4078,87.28,19,91,9.6,overcast clouds
281,Dewas,IN,22.9667,76.0667,89.78,23,51,12.73,broken clouds
282,Cam Ranh,VN,11.9214,109.1591,85.96,70,20,10.36,few clouds
283,Ampere,BR,-25.915,-53.4728,41.67,86,15,2.28,few clouds
284,Seydi,TM,39.4816,62.9137,87.48,16,65,6.29,broken clouds
285,Maningrida,AU,-12.0667,134.2667,86.34,53,9,11.95,clear sky
286,Trincomalee,LK,8.5711,81.2335,89.13,61,84,21.03,broken clouds
287,Richards Bay,ZA,-28.783,32.0377,64.27,91,18,6.69,few clouds
288,Damphu,BT,27.0721,90.1096,73.94,86,60,4.63,broken clouds
289,Kruisfontein,ZA,-34.0033,24.7314,63.9,30,0,12.15,clear sky
290,Fairbanks,US,64.8378,-147.7164,48.54,69,75,4.61,broken clouds
291,Kouroussa,GN,10.65,-9.8833,75.85,75,36,5.08,scattered clouds
292,Luderitz,NA,-26.6481,15.1594,74.73,29,0,20.31,clear sky
293,Acarau,BR,-2.8856,-40.12,76.96,90,90,10.22,overcast clouds
294,Westport,US,41.1415,-73.3579,63.19,87,20,8.05,few clouds
295,Zholymbet,KZ,51.7433,71.7122,73.58,30,22,17.9,few clouds
296,Margate,GB,51.3813,1.3862,57.69,87,99,3.69,overcast clouds
297,Talavera,PH,15.6167,120.9333,90.1,57,84,7.65,broken clouds
298,Sao Jose De Piranhas,BR,-7.1206,-38.5019,70.48,84,100,2.08,overcast clouds
299,Namibe,AO,-15.1961,12.1522,70.77,63,30,8.19,scattered clouds
300,Russell,US,32.3502,-85.1999,76.6,64,46,6.6,scattered clouds
301,Progreso,MX,21.2833,-89.6667,75.29,83,0,8.3,clear sky
302,San Jose,US,37.3394,-121.895,57.52,70,56,2.73,broken clouds
303,Porlamar,VE,10.958,-63.8491,78.89,94,81,13.8,broken clouds
304,Cap Malheureux,MU,-19.9842,57.6142,77.47,66,64,7.0,broken clouds
305,Carnarvon,AU,-24.8667,113.6333,74.32,53,0,9.64,clear sky
306,Leh,IN,34.1667,77.5833,51.06,34,10,4.27,clear sky
307,Kapuskasing,CA,49.4169,-82.4331,44.69,81,100,12.66,overcast clouds
308,Tiznit,MA,29.5833,-9.5,60.35,77,0,1.48,clear sky
309,Portland,US,45.5234,-122.6762,57.18,67,40,6.91,scattered clouds
310,Juegang,CN,32.3174,121.1855,84.94,33,0,9.8,clear sky
311,Kargil,IN,34.5667,76.1,52.48,31,4,3.89,clear sky
312,Troitskoye,RU,52.9821,84.6757,77.7,32,35,8.75,scattered clouds
313,Aleysk,RU,52.4926,82.7822,79.39,31,16,12.39,few clouds
314,Fredericksburg,US,38.3032,-77.4605,61.25,78,0,3.44,clear sky
315,Los Llanos De Aridane,ES,28.6585,-17.9182,60.55,71,0,7.0,clear sky
316,Simbahan,PH,6.3032,120.5836,83.07,69,100,3.85,overcast clouds
317,Swan Hill,AU,-35.3378,143.5544,60.8,49,70,10.09,broken clouds
318,Mataram,ID,-8.5833,116.1167,92.21,73,99,4.05,overcast clouds
319,Lyuban,BY,52.7985,28.0048,44.04,66,4,11.88,clear sky
320,Ouesso,CG,1.6136,16.0517,70.66,99,96,0.49,overcast clouds
321,Tafalla,ES,42.5269,-1.6745,58.08,64,0,2.04,clear sky
322,Kiama,AU,-34.6833,150.8667,70.25,40,0,12.75,clear sky
323,San Rafael,AR,-34.6177,-68.3301,39.79,51,0,3.91,clear sky
324,Acari,PE,-15.4311,-74.6158,66.79,68,33,3.4,scattered clouds
325,Karlstad,SE,59.3793,13.5036,43.36,56,1,11.5,clear sky
326,Makushino,RU,55.2103,67.2442,59.74,55,23,20.4,few clouds
327,Codrington,AU,-38.2667,141.9667,59.05,53,64,17.98,broken clouds
328,Antalaha,MG,-14.9003,50.2788,76.41,73,12,7.85,few clouds
329,Innisfail,AU,-17.5333,146.0333,79.29,65,0,5.17,clear sky
330,Otjiwarongo,NA,-20.4637,16.6477,53.65,54,0,14.32,clear sky
331,Buchanan,LR,5.8808,-10.0467,78.89,88,83,1.86,broken clouds
332,Semnan,IR,35.5729,53.3971,76.84,18,27,6.91,dust
333,Mizdah,LY,31.4451,12.9801,72.79,29,13,2.95,few clouds
334,Sola,VU,-13.8833,167.55,81.23,77,34,17.45,scattered clouds
335,Barrow,US,71.2906,-156.7887,17.62,73,100,10.36,light snow
336,Urumqi,CN,43.801,87.6005,72.55,33,0,6.71,clear sky
337,Kavaratti,IN,10.5669,72.642,80.47,82,100,26.82,overcast clouds
338,Teguldet,RU,57.3064,88.1667,73.8,42,100,10.2,overcast clouds
339,Dwarka,IN,22.2394,68.9678,85.86,65,0,15.7,clear sky
340,Mayo,US,38.8876,-76.5119,64.94,82,0,6.91,clear sky
341,Monticello,US,45.3055,-93.7941,57.24,60,20,4.61,few clouds
342,Polunochnoye,RU,60.8697,60.4153,60.19,47,44,2.8,scattered clouds
343,Saint George,US,37.1041,-113.5841,82.26,14,0,5.75,clear sky
344,Deputatskiy,RU,69.3,139.9,28.54,95,68,2.8,broken clouds
345,Jumla,NP,29.2747,82.1838,71.35,28,49,4.97,scattered clouds
346,Goundam,ML,16.4145,-3.6708,82.63,16,11,2.68,few clouds
347,Beringovskiy,RU,63.05,179.3167,36.27,82,94,3.91,overcast clouds
348,Buenos Aires,AR,-34.6132,-58.3772,49.73,86,100,10.36,overcast clouds
349,Bambanglipuro,ID,-7.95,110.2833,86.02,64,40,6.73,scattered clouds
350,Bayan,CN,46.0833,127.4,73.54,20,80,16.08,broken clouds
351,Zarubino,RU,42.63,131.0922,56.75,61,0,12.75,clear sky
352,Dikson,RU,73.5069,80.5464,33.08,99,100,4.99,light snow
353,Tateyama,JP,34.9833,139.8667,66.09,87,100,3.67,light rain
354,Sterlitamak,RU,53.6246,55.9502,56.34,72,41,10.38,light rain
355,Sikeston,US,36.8767,-89.5879,66.9,68,0,0.0,clear sky
356,Miles City,US,46.4083,-105.8406,63.57,55,0,6.91,clear sky
357,Nashua,US,42.7654,-71.4676,65.05,93,100,5.75,overcast clouds
358,Yeppoon,AU,-23.1333,150.7333,83.98,72,7,7.65,clear sky
359,Mnogovershinnyy,RU,53.9353,139.9242,47.64,66,88,5.32,light rain
360,San Joaquin,US,37.9333,-121.3011,66.45,56,0,17.27,clear sky
361,Black River,JM,18.0264,-77.8487,77.99,82,100,4.36,overcast clouds
362,Verkhnevilyuysk,RU,63.4453,120.3167,39.15,94,100,3.96,overcast clouds
363,Bandarbeyla,SO,9.4942,50.8122,87.51,58,25,24.81,scattered clouds
364,Miraflores,MX,19.2167,-98.8083,68.04,31,17,2.91,few clouds
365,Krasnoye,UA,49.9145,24.6134,54.05,70,98,2.28,overcast clouds
366,Gritsovskiy,RU,54.1376,38.1604,40.95,94,100,15.84,light rain
367,San Francisco,US,37.7749,-122.4194,57.88,80,20,21.99,few clouds
368,Benemerito De Las Americas,MX,16.5167,-90.6439,75.51,65,100,0.58,overcast clouds
369,Dumai,ID,1.6833,101.45,93.88,48,97,1.01,overcast clouds
370,Cabedelo,BR,-6.9811,-34.8339,77.67,86,100,7.87,overcast clouds
371,Grenada,ES,37.1882,-3.6067,59.92,69,0,0.0,clear sky
372,Canutama,BR,-6.5339,-64.3831,72.63,100,100,1.79,overcast clouds
373,Houma,US,29.5958,-90.7195,75.2,89,0,4.61,clear sky
374,Gijon,ES,43.5357,-5.6615,62.06,93,1,1.99,clear sky
375,Poya,NC,-21.35,165.15,79.63,68,62,5.14,broken clouds
376,Yar-Sale,RU,66.8333,70.8333,40.05,96,100,3.44,overcast clouds
377,Itarema,BR,-2.9248,-39.9167,76.69,90,80,9.19,broken clouds
378,Licheng,CN,23.2955,113.8284,79.41,50,54,3.67,broken clouds
379,Hongjiang,CN,27.11,109.9956,71.96,63,100,2.95,overcast clouds
380,Tiksi,RU,71.6872,128.8694,27.99,93,100,15.73,light snow
381,Bintulu,MY,3.1667,113.0333,88.21,70,20,1.14,few clouds
382,Erzincan,TR,39.75,39.5,45.7,81,0,2.3,clear sky
383,Lavrentiya,RU,65.5833,-171.0,28.49,77,91,2.71,overcast clouds
384,Sakakah,SA,29.9697,40.2064,72.97,12,30,6.04,scattered clouds
385,Saurimo,AO,-9.6608,20.3916,59.16,60,37,5.66,scattered clouds
386,Haines Junction,CA,60.7522,-137.5108,37.83,99,100,5.26,light rain
387,Cayenne,GF,4.9333,-52.3333,77.09,1,100,8.05,heavy intensity rain
388,Karema,TZ,-6.8205,30.4389,69.03,81,19,7.85,few clouds
389,Vermillion,US,42.7794,-96.9292,71.76,54,81,10.92,broken clouds
390,Tucurui,BR,-3.7661,-49.6725,73.49,97,94,1.95,overcast clouds
391,Abha,SA,18.2164,42.5053,67.82,7,0,4.61,clear sky
392,Chimoio,MZ,-19.1164,33.4833,57.06,100,75,4.83,broken clouds
393,Batagay-Alyta,RU,67.8006,130.4114,27.46,88,100,3.04,overcast clouds
394,Saint-Joseph,RE,-21.3667,55.6167,71.98,79,46,14.63,light rain
395,Belmonte,BR,-15.8631,-38.8828,74.79,90,12,6.96,few clouds
396,Leninskoye,KZ,41.7589,69.3864,79.0,34,0,2.71,clear sky
397,Harper,LR,4.375,-7.7169,78.91,82,100,4.68,overcast clouds
398,Ise,JP,34.4833,136.7,63.72,81,100,1.99,light rain
399,San Andres,CO,12.5847,-81.7006,80.62,94,75,8.05,light intensity drizzle
400,Coquimbo,CL,-29.9533,-71.3436,49.73,93,0,3.44,clear sky
401,Antofagasta,CL,-23.65,-70.4,56.48,78,43,3.49,scattered clouds
402,Urengoy,RU,65.9667,78.3667,60.89,55,71,7.43,broken clouds
403,Yayva,RU,59.3303,57.2641,53.19,79,100,5.44,overcast clouds
404,Yulara,AU,-25.2406,130.9889,77.38,24,90,11.79,overcast clouds
405,Necochea,AR,-38.5473,-58.7368,51.84,81,98,23.22,overcast clouds
406,Mehamn,NO,71.0357,27.8492,35.51,68,99,23.29,overcast clouds
407,Oktyabrskoye,RU,43.0645,44.7417,53.74,81,100,2.24,overcast clouds
408,Husavik,IS,66.0449,-17.3389,45.97,78,36,9.75,scattered clouds
409,West Lafayette,US,40.4259,-86.9081,61.02,72,0,5.01,clear sky
410,Teseney,ER,15.11,36.6575,90.79,29,1,10.25,clear sky
411,Grand Gaube,MU,-20.0064,57.6608,77.38,67,73,7.0,broken clouds
412,Alofi,NU,-19.0595,-169.9187,78.69,65,64,13.8,broken clouds
413,Hof,DE,50.3167,11.9167,58.75,87,75,11.01,broken clouds
414,Calama,CL,-22.4667,-68.9333,37.89,22,0,17.27,clear sky
415,Iranshahr,IR,27.2025,60.6848,86.34,10,0,4.61,clear sky
416,Praia,CV,14.9215,-23.5087,79.34,47,0,16.11,clear sky
417,Makakilo City,US,21.3469,-158.0858,77.32,79,100,5.75,light rain
418,Chernyshevskiy,RU,63.0128,112.4714,42.84,78,100,6.31,overcast clouds
419,Okhotsk,RU,59.3833,143.3,32.81,99,100,11.99,snow
420,Katobu,ID,-4.9408,122.5276,88.54,61,78,0.29,broken clouds
421,Jamkhed,IN,18.7362,75.3121,96.21,21,22,11.27,few clouds
422,Ormara,PK,25.2088,64.6357,86.23,58,0,21.59,clear sky
423,Quelimane,MZ,-17.8786,36.8883,67.42,96,58,4.32,light rain
424,Odweyne,SO,9.4092,45.064,76.3,58,52,21.07,broken clouds
425,Ugoofaaru,MV,5.6667,73.0,83.16,80,100,26.73,overcast clouds
426,Padang,ID,-0.9492,100.3543,86.05,63,81,5.08,broken clouds
427,Dunmore Town,BS,25.5,-76.65,77.43,79,72,11.52,light rain
428,Nanortalik,GL,60.1432,-45.2371,37.26,83,91,3.33,overcast clouds
429,Kirakira,SB,-10.4544,161.9205,84.54,70,79,3.29,broken clouds
430,Thunder Bay,CA,48.4001,-89.3168,42.78,75,40,4.61,scattered clouds
431,Jambusar,IN,22.05,72.8,93.56,33,16,10.85,few clouds
432,Ketchikan,US,55.3422,-131.6461,44.58,87,100,4.61,moderate rain
433,Okha,RU,53.5739,142.9478,41.11,94,96,8.28,overcast clouds
434,Grindavik,IS,63.8424,-22.4338,49.95,71,0,11.5,clear sky
435,Porto Walter,BR,-8.2686,-72.7439,71.31,99,100,3.89,light rain
436,Price,US,39.5994,-110.8107,69.12,14,0,5.75,clear sky
437,Birjand,IR,32.8663,59.2211,79.27,9,0,9.22,clear sky
438,Adrar,MR,20.5022,-10.0711,81.81,11,41,13.18,scattered clouds
439,Turtas,RU,58.9417,69.1325,58.32,73,88,3.13,light rain
440,Anjangaon,IN,21.1631,77.3094,102.52,16,13,6.08,few clouds
441,Aranos,NA,-24.1333,19.1167,55.31,62,41,11.41,scattered clouds
442,Bongandanga,CD,1.5,21.05,70.5,88,100,0.72,overcast clouds
443,Angoram,PG,-4.0625,144.0661,84.06,75,76,5.88,broken clouds
444,Ayr,GB,55.4627,-4.6339,49.5,93,52,6.58,broken clouds
445,Guiratinga,BR,-16.3494,-53.7583,66.34,55,100,6.24,overcast clouds
446,Shambu,ET,9.5667,37.1,59.31,72,53,1.57,light rain
447,Guanambi,BR,-14.2233,-42.7814,71.89,60,11,4.29,few clouds
448,Ternate,ID,0.8,127.4,85.75,66,66,4.38,broken clouds
449,Christchurch,NZ,-43.5333,172.6333,59.32,82,96,13.8,overcast clouds
450,Palana,RU,59.1167,159.9667,36.73,89,98,2.59,overcast clouds
451,Atasu,KZ,48.6814,71.6433,79.72,24,12,16.6,few clouds
452,Roma,US,43.2128,-75.4557,52.95,92,100,12.66,overcast clouds
453,Botou,CN,38.0667,116.5667,92.16,9,33,7.58,scattered clouds
454,Marawi,PH,7.9986,124.2928,78.48,80,60,3.83,broken clouds
455,Trogir,HR,43.5125,16.2517,70.9,77,0,2.3,clear sky
456,Caravelas,BR,-17.7125,-39.2481,72.18,94,5,5.19,clear sky
457,Beloha,MG,-25.1667,45.05,70.29,61,0,14.74,clear sky
458,Biak,ID,-0.9131,122.8766,82.65,74,84,2.71,broken clouds
459,Sayat,TM,38.7839,63.8803,84.07,15,19,5.46,few clouds
460,Liptovsky Hradok,SK,49.0396,19.7234,57.38,86,100,1.99,light rain
461,Istok,XK,42.7808,20.4875,62.65,75,27,0.65,scattered clouds
462,Half Moon Bay,US,37.4636,-122.4286,57.81,81,100,13.8,mist
463,Takoradi,GH,4.8845,-1.7554,79.05,88,62,5.26,broken clouds
464,Kharan,PK,28.5833,65.4167,89.42,10,0,5.95,clear sky
465,Burgeo,CA,47.6167,-57.6152,42.76,76,99,14.54,overcast clouds
466,Amboasary,MG,-25.0333,46.3833,70.45,67,7,8.84,clear sky
467,Robertsport,LR,6.7533,-11.3686,80.38,85,91,4.14,light rain
468,Kisangani,CD,0.5167,25.2,70.32,99,100,1.45,overcast clouds
469,Loreto,MX,22.2667,-101.9667,67.77,33,99,17.56,overcast clouds
470,Kaihua,CN,23.3687,104.28,66.6,72,94,5.73,overcast clouds
471,Nhulunbuy,AU,-12.2333,136.7667,86.61,58,40,18.41,scattered clouds
472,Rulenge,TZ,-2.7175,30.6325,63.18,92,65,2.3,broken clouds
473,Majene,ID,-3.5403,118.9707,86.31,66,99,5.17,overcast clouds
474,Awbari,LY,26.5921,12.7805,72.09,19,5,6.29,clear sky
475,Jining,CN,35.405,116.5814,93.99,7,0,14.45,clear sky
476,Poronaysk,RU,49.2167,143.1167,44.92,91,99,10.92,overcast clouds
477,Dingle,PH,10.9995,122.6711,90.16,57,100,5.55,overcast clouds
478,Honningsvag,NO,70.9821,25.9704,35.35,75,75,19.57,light rain
479,Atambua,ID,-9.1061,124.8925,85.6,51,40,3.09,scattered clouds
480,Oranjemund,NA,-28.55,16.4333,72.34,28,0,13.18,clear sky
481,Lacarak,RS,45.0022,19.5686,60.94,80,81,7.2,broken clouds
482,Tilichiki,RU,60.4667,166.1,33.58,99,100,3.13,light snow
483,Batemans Bay,AU,-35.7167,150.1833,63.1,47,0,6.49,clear sky
484,Merauke,ID,-8.4667,140.3333,81.48,70,28,9.26,scattered clouds
485,Tevriz,RU,57.509,72.4042,62.67,51,3,15.37,clear sky
486,Simoes,BR,-7.5989,-40.8178,72.28,68,98,4.85,moderate rain
487,Muisne,EC,0.6,-80.0333,77.14,88,100,8.12,overcast clouds
488,Dezful,IR,32.3811,48.4058,85.06,18,21,2.19,few clouds
489,Mount Isa,AU,-20.7333,139.5,80.37,32,19,16.11,few clouds
490,Gat,IL,31.61,34.7642,70.39,100,90,0.63,overcast clouds
491,Sinop,TR,41.7711,34.8709,60.17,53,11,2.64,few clouds
492,Mabaruma,GY,8.2,-59.7833,75.61,92,100,3.65,overcast clouds
493,Zharkent,KZ,44.1628,80.0,76.48,34,49,6.46,scattered clouds
494,Payson,US,40.0444,-111.7321,71.08,43,0,21.85,clear sky
495,Ust-Nera,RU,64.5667,143.2,38.82,81,100,4.92,overcast clouds
496,Capim Grosso,BR,-11.3811,-40.0128,68.23,96,85,2.48,overcast clouds
497,Santa Maria,BR,-29.6842,-53.8069,48.18,86,100,11.54,overcast clouds
498,Chazuta,PE,-6.5742,-76.1367,73.29,98,90,1.05,overcast clouds
499,General Roca,AR,-39.0333,-67.5833,43.02,55,0,4.52,clear sky
500,Palu,ID,-0.8917,119.8707,83.62,89,98,3.78,overcast clouds
501,San Juan,AR,-31.5375,-68.5364,48.54,43,0,8.39,clear sky
502,Mazagao,BR,-0.115,-51.2894,82.45,98,89,2.3,overcast clouds
503,Zaraza,VE,9.3503,-65.3245,75.43,91,100,3.49,overcast clouds
504,Destin,US,30.3935,-86.4958,78.85,87,0,6.91,clear sky
505,Maniitsoq,GL,65.4167,-52.9,31.44,72,3,4.56,clear sky
506,Coahuayana,MX,18.7333,-103.6833,73.56,75,70,2.15,broken clouds
507,Kazanskaya,RU,45.4106,40.4361,56.84,80,100,12.39,light rain
508,Naantali,FI,60.4674,22.0243,42.12,70,0,8.05,clear sky
509,Shar,KZ,49.5886,81.0453,80.02,24,16,3.36,few clouds
510,Hlotse,LS,-28.8718,28.045,44.47,68,0,1.45,clear sky
511,Pringsewu,ID,-5.3582,104.9744,89.64,55,97,3.94,overcast clouds
512,Varna,BG,43.2167,27.9167,68.23,100,8,2.3,mist
513,Nowy Dwor Gdanski,PL,54.2131,19.1177,47.68,69,71,5.79,broken clouds
514,Milledgeville,US,33.0801,-83.2321,73.54,75,0,3.44,clear sky
515,Villa Sandino,NI,12.0483,-84.9936,74.01,88,100,5.57,overcast clouds
516,Chalons-En-Champagne,FR,48.9539,4.3672,56.43,95,100,4.23,overcast clouds
517,Leningradskiy,RU,69.3833,178.4167,31.03,91,87,12.97,overcast clouds
518,Paita,PE,-5.0892,-81.1144,66.56,81,88,8.84,overcast clouds
519,Minot,US,48.2325,-101.2963,57.42,62,100,11.5,overcast clouds
520,Voh,NC,-20.9667,164.7,81.18,64,88,3.98,overcast clouds
521,Governador Valadares,BR,-18.8511,-41.9494,66.47,92,35,2.51,scattered clouds
522,Riosucio,CO,5.4216,-75.7032,59.92,99,100,0.83,overcast clouds
523,Nanakuli,US,21.3906,-158.1547,78.75,76,100,5.75,overcast clouds
524,Pontian Kecil,MY,1.4801,103.3899,89.92,68,93,5.5,overcast clouds
525,Sitka,US,57.0531,-135.33,48.09,71,100,6.91,overcast clouds
526,Sheridan,US,44.8333,-106.9173,61.18,70,100,4.61,overcast clouds
527,Anzio,IT,41.4853,12.6179,69.31,61,68,3.71,broken clouds
528,Heihe,CN,50.2441,127.4902,59.58,25,35,11.77,scattered clouds
529,Samandag,TR,36.0842,35.9771,77.52,69,7,4.52,clear sky
530,Santa Isabel Do Rio Negro,BR,-0.4139,-65.0192,73.54,99,99,0.94,overcast clouds
531,Manuk Mangkaw,PH,4.8,119.85,81.79,78,97,9.1,light rain
532,Batangafo,CF,7.3008,18.2833,73.29,80,69,3.13,broken clouds
533,Baruun-Urt,MN,46.6806,113.2792,68.23,17,11,11.77,few clouds
534,Conde,BR,-7.2597,-34.9075,76.46,100,75,3.44,broken clouds
535,Del Pilar,PH,15.0333,120.7,91.17,50,96,10.38,overcast clouds
536,Pangnirtung,CA,66.1451,-65.7125,17.37,79,81,7.56,broken clouds
537,Palmer,US,42.1584,-72.3287,61.45,84,75,6.91,broken clouds
538,Williamsburg,US,37.2707,-76.7075,71.35,73,0,9.22,clear sky
539,Ostersund,SE,63.1792,14.6357,32.45,74,0,4.61,clear sky
540,Hengshui,CN,37.7322,115.7011,93.16,8,11,9.24,few clouds
541,Chumikan,RU,54.7183,135.315,35.31,88,100,10.02,overcast clouds
542,Nuuk,GL,64.1835,-51.7216,29.01,100,75,9.22,broken clouds
543,Monywa,MM,22.1167,95.1333,92.64,51,94,3.62,overcast clouds
544,Luzhou,CN,28.8724,105.4405,63.79,90,100,2.48,overcast clouds
545,Buraydah,SA,26.326,43.975,79.25,23,0,9.95,clear sky
546,Itaituba,BR,-4.2761,-55.9836,73.54,99,99,1.1,overcast clouds
547,Kimbe,PG,-5.5502,150.1429,84.2,74,40,3.65,light rain
548,Saint-Francois,FR,46.4154,3.9054,55.67,100,20,0.0,fog
549,Aklavik,CA,68.2191,-135.0107,30.61,85,100,10.92,overcast clouds
550,Najran,SA,17.4924,44.1277,68.65,6,2,4.7,clear sky
551,Rusape,ZW,-18.5278,32.1284,52.27,91,78,6.82,broken clouds
552,Mogadishu,SO,2.0371,45.3438,82.27,78,40,14.97,scattered clouds
553,Aykhal,RU,66.0,111.5,34.65,79,98,9.51,overcast clouds
554,Menongue,AO,-14.6585,17.691,51.31,62,6,4.54,clear sky
555,Suicheng,CN,33.8963,117.9331,87.82,15,0,15.35,clear sky
556,Manta,EC,-0.95,-80.7333,74.98,88,100,5.75,overcast clouds
557,Kalmunai,LK,7.4167,81.8167,89.37,60,73,7.23,broken clouds
558,Rayagada,IN,19.1667,83.4167,100.31,40,19,4.97,few clouds
559,Maxixe,MZ,-23.8597,35.3472,71.42,88,75,14.97,broken clouds
560,Rincon,US,32.296,-81.2354,76.96,83,0,8.05,clear sky
561,Lerwick,GB,60.1545,-1.1494,50.0,94,100,17.9,overcast clouds
562,Olga,RU,43.7444,135.2892,60.91,52,14,6.87,few clouds
563,Japura,ID,-0.3167,102.35,93.99,50,86,2.17,overcast clouds
564,Beyla,GN,8.6833,-8.6333,67.75,97,64,3.53,broken clouds
565,Ballina,AU,-28.8667,153.5667,68.77,83,100,9.01,overcast clouds
566,Narasannapeta,IN,18.4167,84.05,92.7,58,5,12.91,clear sky
567,Quijingue,BR,-10.7525,-39.2092,69.3,95,98,2.51,overcast clouds
568,Nouadhibou,MR,20.931,-17.0347,73.38,46,0,19.57,clear sky
569,Meghri,AM,38.9029,46.2446,61.07,84,50,4.63,scattered clouds
570,Uruzgan,AF,32.8333,66.0,78.94,15,0,2.21,clear sky
571,Hobyo,SO,5.3505,48.5268,83.12,68,5,21.36,clear sky
572,Havre,FR,49.5833,0.3333,60.57,82,100,3.44,overcast clouds
573,Beringen,BE,51.0507,5.2216,59.77,88,75,3.44,broken clouds
574,Bubaque,GW,11.2833,-15.8333,79.03,86,73,10.83,broken clouds
575,Kloulklubed,PW,7.0419,134.2556,82.9,74,10,12.93,clear sky
576,Charters Towers,AU,-20.1,146.2667,83.71,39,29,9.98,scattered clouds
577,Hakkari,TR,37.5833,44.1667,44.38,100,20,3.44,few clouds
578,Juneau,US,58.3019,-134.4197,48.2,81,75,13.8,broken clouds
579,Vostok,RU,46.4856,135.8833,61.97,30,25,7.65,scattered clouds
580,Galesong,ID,-5.3166,119.3661,87.82,70,34,5.93,scattered clouds
581,Ucluelet,CA,48.9329,-125.5528,47.08,82,69,1.9,broken clouds
582,Altamira,BR,-3.2033,-52.2064,71.98,99,100,1.77,overcast clouds
583,Cadiz,ES,36.5,-5.75,60.13,75,0,2.71,clear sky
584,Amapa,BR,1.0,-52.0,72.95,99,100,1.21,overcast clouds
585,Bardiyah,LY,31.7561,25.0865,68.14,54,0,5.1,clear sky
586,Gazanjyk,TM,39.2446,55.5154,73.24,55,32,14.76,scattered clouds
587,Hay River,CA,60.8156,-115.7999,44.58,70,60,6.91,broken clouds
588,Srednekolymsk,RU,67.45,153.6833,51.53,57,15,4.45,few clouds
589,Edd,ER,13.9297,41.6925,90.81,34,2,3.13,clear sky
590,Iskateley,RU,67.6803,53.1512,35.65,86,100,14.63,overcast clouds
591,Cedar City,US,37.6775,-113.0619,67.39,15,0,9.22,clear sky
592,Sergeyevka,KZ,53.88,67.4158,62.35,47,6,21.5,clear sky
593,Buchin,RO,45.3667,22.25,66.36,70,81,1.83,broken clouds
594,Atalaia,BR,-9.5019,-36.0228,73.9,95,88,2.21,overcast clouds
595,Santa Isabel,BR,-23.3156,-46.2214,58.3,93,56,3.51,broken clouds
596,Bloemfontein,ZA,-29.1211,26.214,36.88,87,0,0.0,clear sky
597,Zhanaozen,KZ,43.3,52.8,66.79,45,80,6.82,broken clouds
598,Santa Rosalia,MX,27.3167,-112.2833,74.34,40,3,5.73,clear sky
599,Nanao,JP,37.05,136.9667,73.27,39,100,3.78,overcast clouds
600,Waingapu,ID,-9.6567,120.2641,85.53,70,71,8.81,broken clouds
601,Enumclaw,US,47.2043,-121.9915,50.95,79,91,3.51,overcast clouds
602,Taoudenni,ML,22.6783,-3.9836,84.81,10,2,8.97,clear sky
603,Meulaboh,ID,4.1363,96.1285,86.14,66,65,5.48,broken clouds
604,Salinopolis,BR,-0.6136,-47.3561,78.94,88,99,9.62,overcast clouds
605,Balkhash,KZ,46.844,74.9804,79.41,25,0,6.71,clear sky
606,Morehead,US,37.2711,-87.1764,61.99,90,0,0.0,clear sky
607,Almaznyy,RU,48.0448,40.045,54.27,60,99,13.35,overcast clouds
608,Kursenai,LT,55.985,22.9189,41.25,67,0,14.85,clear sky
609,Arroio Grande,BR,-32.2375,-53.0869,51.44,78,100,19.64,overcast clouds
610,Tuxpan,MX,19.55,-103.4,67.39,59,100,1.99,overcast clouds
611,Karachi,PK,24.9056,67.0822,91.22,38,0,13.8,haze
612,Severo-Kurilsk,RU,50.6789,156.125,42.84,79,22,6.17,few clouds
613,Matara,LK,5.9485,80.5353,82.11,86,78,13.42,broken clouds
614,Ranong,TH,9.9658,98.6348,87.73,85,98,4.92,overcast clouds
615,Camden,US,39.7835,-74.9663,64.17,69,1,1.99,clear sky
616,Bosaso,SO,11.2842,49.1816,94.98,38,0,11.5,clear sky
617,Komsomolskiy,UZ,40.4272,71.7189,75.92,41,94,4.61,overcast clouds
618,Asau,RO,46.4333,26.4,61.95,63,68,1.43,broken clouds
619,La Asuncion,VE,11.0333,-63.8628,78.53,94,81,13.8,broken clouds
620,Dracena,BR,-21.4843,-51.535,50.0,62,21,10.27,few clouds
621,Carballo,ES,43.213,-8.691,62.91,91,70,7.7,broken clouds
622,Ismailia,EG,30.6043,32.2723,68.83,63,33,3.62,scattered clouds
623,Vila Franca Do Campo,PT,37.7167,-25.4333,59.41,71,25,14.52,scattered clouds
624,Nola,IT,40.922,14.5329,66.38,88,24,0.98,few clouds
625,Manggar,ID,-2.8833,108.2667,87.13,61,100,2.95,overcast clouds
626,Arman,RU,59.7,150.1667,39.02,99,100,1.36,light rain
627,Chirongui,YT,-12.9319,45.1483,82.33,67,2,16.04,clear sky
628,Nuevitas,CU,21.5453,-77.2644,76.37,86,78,4.14,broken clouds
629,Kupang,ID,-10.1667,123.5833,87.93,52,18,1.86,few clouds
630,Yatou,CN,37.15,122.3833,73.67,42,9,6.73,clear sky
631,Bull Savanna,JM,17.8868,-77.5902,75.4,87,98,8.59,overcast clouds
632,Sept-Iles,CA,50.2001,-66.3821,40.05,96,100,10.36,light intensity drizzle
633,Marsh Harbour,BS,26.5412,-77.0636,76.17,81,100,11.23,overcast clouds
634,Bikaner,IN,28.0167,73.3,100.18,13,0,16.2,clear sky
635,Ishigaki,JP,24.3448,124.1572,73.53,94,75,14.97,light rain
636,Pervomayskiy,RU,53.2485,40.2871,45.27,75,40,14.65,scattered clouds
637,Lasa,IT,46.6166,10.7002,54.48,89,41,5.46,scattered clouds
638,Egersund,NO,58.4513,5.9997,57.09,51,100,14.25,overcast clouds
639,Sinnamary,GF,5.3833,-52.95,77.81,92,100,11.18,moderate rain
640,Ponta Delgada,PT,37.7333,-25.6667,59.72,63,20,23.02,few clouds
641,Lufilufi,WS,-13.8745,-171.5986,80.38,77,47,11.16,light rain
642,Maymyo,MM,22.0333,96.4667,80.58,61,89,7.07,overcast clouds
643,Santa Marta,CO,11.2408,-74.199,84.25,72,75,3.44,broken clouds
644,Tacna,PE,-18.0056,-70.2483,52.7,78,6,4.09,clear sky
645,Gazli,UZ,40.1333,63.45,87.44,16,77,7.45,broken clouds
646,Sayyan,YE,15.1718,44.3244,63.82,9,1,4.74,clear sky
647,Bukoba,TZ,-1.3317,31.8122,69.78,78,20,5.75,few clouds
648,Zhigansk,RU,66.7697,123.3711,33.42,76,93,4.23,overcast clouds
649,Uspantan,GT,15.3833,-90.8333,52.52,87,98,2.62,overcast clouds
650,Mackay,AU,-21.15,149.2,76.44,75,3,13.53,clear sky
651,Asekeyevo,RU,53.5742,52.7972,54.46,77,58,11.77,light rain
652,Sisimiut,GL,66.9395,-53.6735,29.61,72,3,6.38,clear sky
653,Saint-Georges,GD,12.0564,-61.7485,81.5,75,95,13.38,overcast clouds
654,Kudahuvadhoo,MV,2.6708,72.8944,83.61,79,100,20.71,overcast clouds
655,Lovington,US,32.944,-103.3485,81.45,34,75,1.01,broken clouds
656,Loa Janan,ID,-0.583,117.095,83.46,71,99,6.2,overcast clouds
657,Hangu,CN,39.2489,117.7892,86.04,19,31,6.13,scattered clouds
658,Qasigiannguit,GL,68.8193,-51.1922,21.45,89,9,7.09,clear sky
659,Santa Lucia,ES,27.9117,-15.5407,59.94,76,40,12.66,scattered clouds
660,Awjilah,LY,29.1081,21.2869,76.03,28,0,4.29,clear sky
661,Port Macquarie,AU,-31.4333,152.9167,71.89,57,12,7.83,few clouds
662,Rochester,US,43.1548,-77.6156,54.37,94,40,5.75,scattered clouds
663,Mae Ramat,TH,16.984,98.5166,88.12,65,91,3.58,overcast clouds
664,Gisborne,NZ,-38.6533,178.0042,65.21,80,76,8.21,light rain
665,Bartica,GY,6.4,-58.6167,79.12,99,99,2.17,overcast clouds
666,Jamalpur,BD,24.9167,89.9333,88.14,69,68,11.77,broken clouds
667,Mulchen,CL,-37.7167,-72.2333,43.7,62,3,3.2,clear sky
668,Parnamirim,BR,-5.9156,-35.2628,76.89,100,40,3.44,scattered clouds
669,Weligama,LK,5.9667,80.4167,82.09,85,79,13.56,broken clouds
670,Beyneu,KZ,45.3167,55.2,68.52,46,99,8.25,overcast clouds
671,Bluefields,NI,12.0137,-83.7635,76.14,94,100,1.5,overcast clouds
672,Alice Springs,AU,-23.7,133.8833,76.55,23,10,12.66,clear sky
673,Karratha,AU,-20.7377,116.8463,76.87,77,95,9.22,moderate rain
674,Prabumulih,ID,-3.45,104.25,91.81,54,87,2.1,overcast clouds
675,Asfi,MA,32.2994,-9.2372,63.84,83,0,11.81,clear sky
676,Hot Springs,US,34.5037,-93.0552,66.6,88,0,3.18,clear sky
677,Kadoma,JP,34.7333,135.5833,69.8,56,75,3.44,broken clouds
678,Normandin,CA,48.8333,-72.5321,57.33,94,100,12.66,overcast clouds
679,Atascadero,US,35.4894,-120.6707,59.83,68,8,2.91,clear sky
680,Puquio,PE,-14.7,-74.1333,48.99,42,76,2.48,broken clouds
681,Barcelos,PT,41.5388,-8.6151,64.54,93,99,10.29,overcast clouds
682,Cervo,ES,43.6702,-7.4101,63.97,75,2,7.9,clear sky
683,Latung,PH,5.5,120.8833,82.44,73,100,5.95,light rain
684,Shirgaon,IN,19.7,72.7,86.76,64,19,8.59,few clouds
685,Bembereke,BJ,10.2283,2.6634,76.23,72,88,7.11,overcast clouds
686,Inongo,CD,-1.95,18.2667,70.36,98,100,0.58,overcast clouds
687,Havelock,US,34.8791,-76.9013,69.78,95,100,8.05,thunderstorm
688,Wewak,PG,-3.5534,143.6268,84.67,72,66,8.16,broken clouds
689,Nador,MA,35.174,-2.9287,62.85,77,0,2.3,clear sky
690,Camalu,MX,30.85,-116.0667,58.8,93,6,6.4,clear sky
691,Mao,ES,39.8885,4.2658,64.96,94,100,1.14,overcast clouds
692,Mokobeng,BW,-22.9965,27.6678,53.6,88,0,2.91,clear sky
693,Lovozero,RU,68.005,35.0117,34.95,75,100,16.55,overcast clouds
694,Billings,US,45.7833,-108.5007,58.28,82,100,10.36,overcast clouds
695,Minador Do Negrao,BR,-9.3053,-36.8647,70.07,96,95,3.47,overcast clouds
696,Galveston,US,29.3669,-94.9669,80.56,84,0,10.36,clear sky
697,Carquefou,FR,47.2982,-1.4902,59.07,90,0,5.75,clear sky
698,Sexsmith,CA,55.35,-118.786,47.55,57,75,13.8,broken clouds
699,Biloela,AU,-24.4167,150.5,81.3,48,22,10.63,few clouds
700,Kortkeros,RU,61.8106,51.5806,41.18,78,97,7.99,overcast clouds
701,Glyadyanskoye,RU,54.9075,65.0883,57.72,63,29,16.75,scattered clouds
702,Goulburn,AU,-34.75,149.7167,53.08,64,1,15.43,clear sky
703,Sapanta,RO,47.9667,23.7,52.56,75,93,2.46,overcast clouds
704,Marsabit,KE,2.3284,37.9899,63.73,75,8,16.93,clear sky
705,Araouane,ML,18.9048,-3.5265,81.75,11,1,11.52,clear sky
706,Rundu,NA,-17.9333,19.7667,53.96,58,29,7.25,scattered clouds
707,Pionerskiy,RU,54.9508,20.2275,44.44,66,2,9.15,clear sky
708,Sereflikochisar,TR,38.9393,33.5386,60.15,64,85,3.96,overcast clouds
709,Guanica,PR,17.9716,-66.908,79.21,83,96,10.04,overcast clouds
710,Mount Gambier,AU,-37.8333,140.7667,55.81,68,83,12.53,broken clouds
711,Gizo,SB,-8.103,156.8419,83.79,70,15,6.71,few clouds
712,Nemuro,JP,43.3236,145.575,48.15,86,85,15.17,overcast clouds
713,Belousovka,KZ,50.1339,82.5239,76.05,33,23,4.47,few clouds
714,Camana,PE,-16.6228,-72.7111,65.03,77,28,9.06,scattered clouds
715,Liku,ID,-0.7275,119.8922,82.47,86,97,3.98,overcast clouds
716,Kannur,IN,11.8675,75.3576,77.25,89,100,11.05,moderate rain
717,Sambava,MG,-14.2667,50.1667,76.73,73,11,11.27,few clouds
718,Iwanai,JP,42.9744,140.5089,64.17,47,1,4.92,clear sky
719,Taloqan,AF,36.7361,69.5345,81.07,35,0,4.65,clear sky
720,Yurginskoye,RU,56.8189,67.3921,49.15,93,100,13.65,moderate rain
721,Portachuelo,BO,-17.35,-63.4,65.3,45,100,13.13,overcast clouds
722,Zeya,RU,53.75,127.2667,55.02,24,87,7.9,overcast clouds
723,Uige,AO,-7.6087,15.0613,65.03,67,92,3.09,overcast clouds
724,Nizhniy Ingash,RU,56.2,96.53,74.59,34,73,9.33,broken clouds
725,Tual,ID,-5.6667,132.75,83.73,69,48,14.99,scattered clouds
726,Izumo,JP,35.3667,132.7667,76.89,44,20,10.36,few clouds
727,Cidreira,BR,-30.1811,-50.2056,53.53,75,44,24.36,scattered clouds
728,College,US,64.8569,-147.8028,48.52,70,75,4.61,broken clouds
729,Ashtian,IR,34.5217,50.0019,56.07,20,2,9.46,clear sky
730,Burriana,ES,39.889,-0.085,65.7,73,1,2.57,clear sky
731,Durban,ZA,-29.8579,31.0292,62.02,92,0,5.01,clear sky
